{"losses": {"overall": [0.4220198094844818, 0.37294718623161316, 0.39493969082832336, 0.3679967522621155, 0.3363765478134155, 0.3492087125778198, 0.2525470554828644, 0.303038090467453, 0.3279680013656616, 0.29281750321388245, 0.29787811636924744, 0.34390726685523987, 0.2881976068019867, 0.28716152906417847, 0.3180898427963257, 0.31868624687194824, 0.3149055242538452, 0.33610889315605164, 0.31648382544517517, 0.30505213141441345, 0.3449372351169586, 0.3187759220600128, 0.31328141689300537, 0.33472171425819397, 0.2974291145801544, 0.2825545370578766, 0.33069920539855957, 0.3034195601940155, 0.2943163514137268, 0.3357158899307251, 0.2926397919654846, 0.3485201597213745, 0.2899068593978882, 0.31215906143188477, 0.26394346356391907, 0.2866789400577545, 0.266735702753067, 0.2803346812725067, 0.30027616024017334, 0.2683106064796448, 0.2855539917945862, 0.2850894331932068, 0.28887563943862915, 0.3089890778064728, 0.26672449707984924, 0.315273255109787, 0.2740202844142914, 0.2965083122253418, 0.3150775134563446, 0.2656893730163574, 0.29612910747528076, 0.28655505180358887, 0.27364909648895264, 0.29174062609672546, 0.2723831534385681, 0.25896957516670227, 0.23969055712223053, 0.2928400933742523, 0.264621764421463, 0.2737756073474884, 0.2785860300064087, 0.28128790855407715, 0.2533750534057617, 0.24830952286720276, 0.26398077607154846, 0.2591094374656677, 0.2781275510787964, 0.26441752910614014, 0.29529857635498047, 0.24493105709552765, 0.28133583068847656, 0.2812836766242981, 0.27006709575653076, 0.2681806683540344, 0.26576483249664307, 0.22687797248363495, 0.26569804549217224, 0.2616010010242462, 0.2665769159793854, 0.2278354912996292, 0.23965507745742798, 0.28579020500183105, 0.2805355191230774, 0.27249425649642944, 0.26305121183395386, 0.26819270849227905, 0.2892875075340271, 0.22736448049545288, 0.25062936544418335, 0.22047162055969238, 0.2626644968986511, 0.2913220226764679, 0.25839492678642273, 0.26409170031547546, 0.2824344038963318, 0.2652384638786316, 0.24457599222660065, 0.24870401620864868, 0.24720819294452667, 0.22683404386043549], "position": [0.19997119903564453, 0.17772193253040314, 0.18930462002754211, 0.1759636551141739, 0.16037380695343018, 0.16720852255821228, 0.11851522326469421, 0.1446741819381714, 0.1566900610923767, 0.13977131247520447, 0.1416742354631424, 0.16462168097496033, 0.1375255435705185, 0.1371190994977951, 0.15294964611530304, 0.15256936848163605, 0.1507313996553421, 0.16144847869873047, 0.151677668094635, 0.14579389989376068, 0.16600757837295532, 0.15311342477798462, 0.15005838871002197, 0.1605050265789032, 0.14232565462589264, 0.13489443063735962, 0.15865765511989594, 0.14548565447330475, 0.14087502658367157, 0.1617732048034668, 0.14008498191833496, 0.16787037253379822, 0.13906355202198029, 0.14958539605140686, 0.12542389333248138, 0.13742581009864807, 0.1274229884147644, 0.13368940353393555, 0.14371612668037415, 0.1283552497625351, 0.13662762939929962, 0.13600996136665344, 0.1378629356622696, 0.14808793365955353, 0.1263309121131897, 0.1509244292974472, 0.1305510699748993, 0.1413838416337967, 0.15100273489952087, 0.12570607662200928, 0.14148516952991486, 0.1372186690568924, 0.13022299110889435, 0.13934381306171417, 0.13006745278835297, 0.12278492003679276, 0.11380055546760559, 0.14010626077651978, 0.12597352266311646, 0.13032622635364532, 0.13275253772735596, 0.13414448499679565, 0.11959625035524368, 0.11759310960769653, 0.12494997680187225, 0.12345773726701736, 0.13284257054328918, 0.125513955950737, 0.1411648690700531, 0.1160472184419632, 0.13446271419525146, 0.1347774714231491, 0.12855061888694763, 0.12786860764026642, 0.12642662227153778, 0.1065097451210022, 0.1265668421983719, 0.12452742457389832, 0.12684378027915955, 0.10789166390895844, 0.1136811226606369, 0.13694563508033752, 0.13406595587730408, 0.13008402287960052, 0.12542209029197693, 0.12762653827667236, 0.13860847055912018, 0.10727407783269882, 0.11882884055376053, 0.10339153558015823, 0.12521609663963318, 0.13914507627487183, 0.12260553985834122, 0.12597335875034332, 0.13452589511871338, 0.12541674077510834, 0.11578665673732758, 0.1176881417632103, 0.11724188178777695, 0.10713685303926468], "angle": [-25.123573303222656, 4.07388973236084, -22.14232063293457, -31.12095832824707, 9.132999420166016, -0.6262550354003906, 9.874955177307129, -1.5793415307998657, 15.875494956970215, 1.335301399230957, 29.22298240661621, 10.690208435058594, 2.3458309173583984, 23.412105560302734, 4.750329971313477, -7.746024131774902, -15.17813777923584, 6.679627418518066, -17.437641143798828, 18.90485191345215, 9.06511116027832, 26.914878845214844, 11.543904304504395, 32.72256851196289, 19.422195434570312, 47.80280303955078, 1.671168327331543, -2.944324016571045, -1.2649459838867188, 6.55057430267334, 7.054052352905273, -1.120560646057129, 16.28580665588379, -39.644325256347656, -4.861377716064453, -19.460660934448242, -1.3083734512329102, 6.723609924316406, -0.5163260698318481, 8.132250785827637, -28.821819305419922, 17.416345596313477, -1.1817479133605957, 6.484164714813232, 0.23301982879638672, 20.868316650390625, 6.705249786376953, -18.040945053100586, 18.580791473388672, -13.008893966674805, -9.313752174377441, -1.7920236587524414, 0.71640944480896, -44.825721740722656, 18.857337951660156, -4.750752925872803, 0.6656322479248047, -9.60972785949707, 1.7188382148742676, 19.000905990600586, 7.705787658691406, 12.835801124572754, 34.86143112182617, 1.949005126953125, 39.21575164794922, 2.584566593170166, 15.156049728393555, 4.085413932800293, 3.2629926204681396, 1.2353150844573975, -20.733652114868164, -0.3737907409667969, -17.228958129882812, -9.443778991699219, 20.436996459960938, 5.479701995849609, 2.29801344871521, 27.301008224487305, 11.478998184204102, 17.408367156982422, 2.992330551147461, -23.58586311340332, -23.10714340209961, 8.16963005065918, -10.915719985961914, 1.1774225234985352, 4.054704666137695, 13.205596923828125, 15.083892822265625, 20.600879669189453, 13.042582511901855, -3.345867156982422, -18.188640594482422, -2.230391502380371, -5.4809675216674805, -1.471577763557434, -8.808298110961914, 11.183219909667969, -6.339754104614258, -22.30252456665039],