{"name": "CentreOutFFMinJerk", "T_destination": "~T_destination", "action_frame_stacking": 0, "action_noise": [0.0, 0.0, 0.0, 0.0, 0.0, 0.0], "call_super_init": false, "catch_trial": [0.0, 1.0, 0.0, 1.0, 1.0, 0.0, 1.0, 0.0, 1.0, 1.0, 0.0, 0.0, 0.0, 1.0, 0.0, 1.0, 0.0, 0.0, 0.0, 0.0, 0.0, 1.0, 1.0, 1.0, 0.0, 0.0, 0.0, 1.0, 1.0, 0.0, 1.0, 1.0, 0.0, 1.0, 0.0, 1.0, 0.0, 1.0, 0.0, 0.0, 0.0, 1.0, 0.0, 1.0, 0.0, 1.0, 0.0, 1.0, 1.0, 0.0, 1.0, 1.0, 1.0, 1.0, 1.0, 0.0, 1.0, 0.0, 0.0, 1.0, 1.0, 0.0, 1.0, 0.0], "catch_trial_perc": 50, "delay_range": [0, 0], "device": "cpu", "differentiable": true, "dt": 0.01, "dump_patches": false, "elapsed": 1.0000000000000007, "endpoint_load": [[-0.0, -0.0], [-0.0, -0.0], [0.0, 0.0], [-0.0, -0.0], [-0.0, 0.0], [0.0, -0.0], [0.0, -0.0], [0.0, 0.0], [-0.0, -0.0], [-0.0, -0.0], [-0.0, -0.0], [0.0, 0.0], [-0.0, 0.0], [-0.0, 0.0], [0.0, -0.0], [0.0, -0.0], [-0.0, 0.0], [-0.0, -0.0], [-0.0, 0.0], [0.0, 0.0], [-0.0, -0.0], [-0.0, 0.0], [-0.0, 0.0], [0.0, -0.0], [0.0, -0.0], [-0.0, -0.0], [-0.0, 0.0], [-0.0, -0.0], [0.0, -0.0], [-0.0, 0.0], [0.0, 0.0], [0.0, -0.0], [0.0, 0.0], [0.0, -0.0], [-0.0, -0.0], [0.0, -0.0], [0.0, -0.0], [-0.0, -0.0], [-0.0, -0.0], [-0.0, 0.0], [0.0, 0.0], [-0.0, -0.0], [-0.0, 0.0], [0.0, -0.0], [0.0, 0.0], [0.0, -0.0], [-0.0, -0.0], [0.0, -0.0], [0.0, -0.0], [-0.0, 0.0], [-0.0, -0.0], [0.0, -0.0], [-0.0, -0.0], [-0.0, -0.0], [0.0, -0.0], [-0.0, 0.0], [0.0, -0.0], [-0.0, -0.0], [-0.0, 0.0], [0.0, -0.0], [-0.0, 0.0], [-0.0, -0.0], [-0.0, -0.0], [-0.0, 0.0]], "ff_coefficient": 0.0, "go_cue": [[1.0], [1.0], [1.0], [1.0], [1.0], [1.0], [1.0], [1.0], [1.0], [1.0], [1.0], [1.0], [1.0], [1.0], [1.0], [1.0], [1.0], [1.0], [1.0], [1.0], [1.0], [1.0], [1.0], [1.0], [1.0], [1.0], [1.0], [1.0], [1.0], [1.0], [1.0], [1.0], [1.0], [1.0], [1.0], [1.0], [1.0], [1.0], [1.0], [1.0], [1.0], [1.0], [1.0], [1.0], [1.0], [1.0], [1.0], [1.0], [1.0], [1.0], [1.0], [1.0], [1.0], [1.0], [1.0], [1.0], [1.0], [1.0], [1.0], [1.0], [1.0], [1.0], [1.0], [1.0]], "go_cue_range": [0.1, 0.3], "go_cue_time": [0.20882779323091039, 1.0, 0.2130080003980605, 1.0, 1.0, 0.14611033261752773, 1.0, 0.2823324093627039, 1.0, 1.0, 0.12024640490609875, 0.1038030006779927, 0.2930172961530593, 1.0, 0.1777043716190863, 1.0, 0.2917761123286089, 0.20760956643443096, 0.11614131382035758, 0.17544641356734159, 0.13458676911353168, 1.0, 1.0, 1.0, 0.12511688997131845, 0.16730664266554146, 0.12479787648331025, 1.0, 1.0, 0.22296747344980927, 1.0, 1.0, 0.1342505429638052, 1.0, 0.11475467783014466, 1.0, 0.16146290281006226, 1.0, 0.1292670757955476, 0.26729072042133895, 0.2951255167737269, 1.0, 0.1313964620424018, 1.0, 0.23933814504013678, 1.0, 0.21429190420827657, 1.0, 1.0, 0.19149977051877107, 1.0, 1.0, 1.0, 1.0, 1.0, 0.24032355369565597, 1.0, 0.1365580279114048, 0.26662125398049674, 1.0, 1.0, 0.2847328123817936, 1.0, 0.25690388937654307], "init": [[-0.14533273875713348, 0.6108273863792419], [0.10037149488925934, 0.6246552467346191], [-0.12102055549621582, 0.15691865980625153], [-0.0727812796831131, 0.5328253507614136], [0.2101384550333023, 0.3867141008377075], [0.47264474630355835, 0.43053436279296875], [-0.19793590903282166, 0.1200902909040451], [0.4328462481498718, 0.46134069561958313], [-0.03469148278236389, 0.49765706062316895], [0.04574768617749214, 0.6391799449920654], [-0.25626957416534424, 0.4883934259414673], [0.33268094062805176, 0.5422224998474121], [0.30199354887008667, 0.38006025552749634], [0.12851636111736298, 0.32584741711616516], [-0.14851222932338715, -0.021346718072891235], [-0.5227895975112915, 0.30889806151390076], [0.2626599371433258, 0.3591170907020569], [-0.25486433506011963, 0.5461229681968689], [0.5431618690490723, 0.34139806032180786], [0.052252382040023804, 0.2802685499191284], [-0.3681947588920593, 0.40484490990638733], [0.14055564999580383, 0.6037460565567017], [0.06871171295642853, 0.6367383599281311], [-0.32028505206108093, 0.29611700773239136], [-0.3144300580024719, -0.09686024487018585], [-0.2577100098133087, 0.3927963376045227], [-0.09516660869121552, 0.4359123706817627], [-0.23175768554210663, 0.45261508226394653], [-0.4264511168003082, 0.31371840834617615], [0.09171416610479355, 0.6348612308502197], [0.47462427616119385, 0.31839874386787415], [-0.41611799597740173, 0.282086580991745], [0.3568459153175354, 0.5321187973022461], [-0.4230666756629944, 0.37340036034584045], [-0.5194564461708069, 0.3606971502304077], [-0.07684013247489929, 0.13136455416679382], [-0.19433973729610443, 0.015465915203094482], [-0.09153255820274353, 0.46902287006378174], [-0.39078694581985474, 0.33243730664253235], [0.3553633689880371, 0.4366723299026489], [-0.04551374912261963, 0.1353357583284378], [-0.15239429473876953, 0.21922603249549866], [-0.27952536940574646, 0.21313859522342682], [-0.23119527101516724, 0.3924560546875], [-0.10973107814788818, 0.17008469998836517], [-0.46837007999420166, 0.20095384120941162], [-0.1576024889945984, 0.6127782464027405], [-0.07126566767692566, 0.12346331030130386], [-0.29530665278434753, 0.25480881333351135], [0.09753519296646118, 0.5938161611557007], [0.08317744731903076, 0.387876033782959], [-0.5279070138931274, 0.2895451784133911], [0.13116398453712463, 0.5267393589019775], [-0.10569854080677032, 0.624336838722229], [-0.09980855882167816, 0.15392062067985535], [0.17398162186145782, 0.3161163330078125], [-0.1887897104024887, 0.33384788036346436], [-0.3561587333679199, 0.01777106523513794], [0.16650702059268951, 0.6174427270889282], [-0.31805726885795593, 0.5325032472610474], [0.1730341911315918, 0.39598608016967773], [-0.22484759986400604, 0.5972638130187988], [-0.2149999737739563, 0.5348771810531616], [0.13899824023246765, 0.5060427188873291]], "max_ep_duration": 1.0, "metadata": {"render_modes": []}, "movement_duration": [0.5410613860521978, 0.4071338575527633, 0.6545447444881984, 0.5253942009681346, 0.5361095202154191, 0.6177569657426579, 0.6344734576902572, 0.7886270216488631, 0.7230342901670628, 0.768283940962389, 0.6327247114761494, 0.4883462999208517, 0.522615911261519, 0.44498247048168404, 0.7756239164861629, 0.5879532473705701, 0.5485151283508152, 0.699100547414566, 0.41704670017845935, 0.7759302739000525, 0.4694754178770208, 0.7003852948645797, 0.6985488746972426, 0.7190685434944308, 0.6406566553351162, 0.46686173918850526, 0.7604983230565444, 0.6290375191624892, 0.42038867282312953, 0.7098494906873525, 0.748123828921866, 0.6658161081999663, 0.4398387803368525, 0.6285313186071111, 0.7654720237322081, 0.47391238075357384, 0.5009626503695244, 0.48312679347710724, 0.6640911676582408, 0.5078714120912836, 0.5919663424267482, 0.42986168418840576, 0.5348795967168066, 0.6710346930603788, 0.6862755439394221, 0.6094809871591056, 0.45629484386986674, 0.4351379429249015, 0.41918368807515444, 0.7506447158908996, 0.586000881113134, 0.42562231806682865, 0.739654873975143, 0.5728376040631541, 0.6777131356455934, 0.5319083202346565, 0.40809080656330876, 0.7385285609867291, 0.5862369444837326, 0.747785316728345, 0.6489036764146545, 0.5972465618337468, 0.6194367490657096, 0.5060534790356738], "n_muscles": 6, "nq_init": null, "obs_noise": [0.0, 0.0, 0.0, 0.0, 0.0, 0.0, 0.0, 0.0, 0.0, 0.0, 0.0, 0.0, 0.0, 0.0, 0.0, 0.0, 0.0], "proprioception_delay": 1, "proprioception_noise": [0.0], "q_init": null, "render_mode": null, "reward_range": [-Infinity, Infinity], "seed": null, "space_dim": 2, "spec": null, "test_mov_dur": 0.5, "training": true, "vision_delay": 1, "vision_noise": [0.0], "effector": {"muscle": {"name": "RigidTendonHillMuscle", "state names": ["activation", "muscle length", "muscle velocity", "force-length PE", "force-length CE", "force-velocity CE", "force"]}, "skeleton": {"dof": 2, "dt": "0.01", "space_dim": 2, "I1": 0.051, "I2": 0.057, "L1": 0.309, "L2": 0.333, "L1g": 0.135, "L2g": 0.165, "c_viscosity": 0.0, "coriolis_1": -0.07290855, "coriolis_2": 0.07290855, "m1": 1.82, "m2": 1.43}, "dt": 0.01, "n_ministeps": 1, "minidt": 0.01, "half_minidt": 0.005,